Imputer,With_Missing_Indicator,Imputer_Variant,Classifier,Accuracy_Mean,Accuracy_Std,ROC_AUC_Mean,F1_Mean
Median,False,Median,Logistic Regression,0.7676315789473684,0.0425229157560271,0.8361293447293447,0.6208224966749725
Median,False,Median,Random Forest,0.7572214627477787,0.047606144285100314,0.8385606837606838,0.6127571305856683
Median,False,Median,Extra Trees,0.7613807245386194,0.038982138642749624,0.8453908831908832,0.5583616359433293
Median,False,Median,Gradient Boosting,0.7626862611073137,0.042065638783864885,0.8360575498575499,0.6310994310836537
Median,False,Median,LightGBM,0.763485987696514,0.045056353615070335,0.8340586894586894,0.6347103874354274
Median,False,Median,XGBoost,0.7624196855775803,0.04676679091749173,0.8365339031339029,0.634951877411024
Median,False,Median,CatBoost,0.7546240601503759,0.04235255697010478,0.8409977207977208,0.6025588879855936
Median,True,Median + Flag,Logistic Regression,0.7699726589200273,0.0437850483317283,0.8372188034188034,0.6288380580179751
Median,True,Median + Flag,Random Forest,0.7613943950786057,0.044409512938625086,0.8387401709401711,0.6185597131978082
Median,True,Median + Flag,Extra Trees,0.7530792891319209,0.045227172878813206,0.8393652421652422,0.5218460284965033
Median,True,Median + Flag,Gradient Boosting,0.7658031442241967,0.040561068076536325,0.8361396011396011,0.6371424744502074
Median,True,Median + Flag,LightGBM,0.7616575529733425,0.04492898527686151,0.8348455840455842,0.6324122758103029
Median,True,Median + Flag,XGBoost,0.7650273410799727,0.04817077917799444,0.8375014245014245,0.6412321748049986
Median,True,Median + Flag,CatBoost,0.760088858509911,0.04624342999645988,0.8413019943019941,0.6162368135883175
Mean,False,Mean,Logistic Regression,0.7678913192071088,0.044124358019421585,0.8363111111111111,0.6217748767262704
Mean,False,Mean,Random Forest,0.7543540669856461,0.0455369980770821,0.8379863247863248,0.6090881355558757
Mean,False,Mean,Extra Trees,0.7606083390293916,0.03868524057371989,0.8450655270655271,0.5557488239859104
Mean,False,Mean,Gradient Boosting,0.7608646616541354,0.043436380729214207,0.8351908831908833,0.6281420136831275
Mean,False,Mean,LightGBM,0.7598325358851674,0.04395510718529691,0.8335937321937322,0.6289213254200345
Mean,False,Mean,XGBoost,0.7626896787423102,0.04550703635876401,0.837345299145299,0.6384610284265814
Mean,False,Mean,CatBoost,0.7561722488038278,0.04448501469727275,0.8397504273504272,0.6058780019480187
Mean,True,Mean + Flag,Logistic Regression,0.7702323991797677,0.04356896211595851,0.8373829059829059,0.6294408948974077
Mean,True,Mean + Flag,Random Forest,0.760345181134655,0.04600502588539487,0.8368717948717947,0.6182384756237315
Mean,True,Mean + Flag,Extra Trees,0.7548906356801094,0.04580491459223371,0.8384678062678063,0.5272138192760591
Mean,True,Mean + Flag,Gradient Boosting,0.7616302118933698,0.04464279627947854,0.8353413105413106,0.6297260069300538
Mean,True,Mean + Flag,LightGBM,0.764002050580998,0.0436412774145309,0.8351042735042733,0.6368849678280298
Mean,True,Mean + Flag,XGBoost,0.76580997949419,0.04742900760008972,0.8378387464387465,0.6435929443851879
Mean,True,Mean + Flag,CatBoost,0.7611278195488721,0.04747654298247387,0.8412330484330484,0.6170058765620181
KNN (k=5),False,KNN (k=5),Logistic Regression,0.7691934381408064,0.04544163678167791,0.8371675213675212,0.6258025611124851
KNN (k=5),False,KNN (k=5),Random Forest,0.7590293916609706,0.04536793458772813,0.8395538461538462,0.6243325332274346
KNN (k=5),False,KNN (k=5),Extra Trees,0.7650375939849624,0.039106705663462075,0.8440666666666666,0.5708716229585948
KNN (k=5),False,KNN (k=5),Gradient Boosting,0.7613807245386194,0.047149021564676125,0.8370210826210825,0.632545713356477
KNN (k=5),False,KNN (k=5),LightGBM,0.7629254955570746,0.04867513489379662,0.8351726495726497,0.6347230170581412
KNN (k=5),False,KNN (k=5),XGBoost,0.7644805194805194,0.04599711144454476,0.8406655270655271,0.6401282713203389
KNN (k=5),False,KNN (k=5),CatBoost,0.7574812030075188,0.04237293097703968,0.8405299145299145,0.612614227589668
KNN (k=5),True,KNN (k=5) + Flag,Logistic Regression,0.7676247436773752,0.04517165903078623,0.8382655270655271,0.6254508741731034
KNN (k=5),True,KNN (k=5) + Flag,Random Forest,0.7590328092959672,0.04737719870361982,0.837957264957265,0.62416335096031
KNN (k=5),True,KNN (k=5) + Flag,Extra Trees,0.7593301435406699,0.039753618249416416,0.8402911680911681,0.5497353931538158
KNN (k=5),True,KNN (k=5) + Flag,Gradient Boosting,0.7634654818865346,0.04568651972888384,0.8393521367521369,0.6331600837384822
KNN (k=5),True,KNN (k=5) + Flag,LightGBM,0.763978127136022,0.0444312529126453,0.8359019943019945,0.6369709504879446
KNN (k=5),True,KNN (k=5) + Flag,XGBoost,0.7676008202323993,0.045838869339043645,0.8415777777777778,0.6449118165173141
KNN (k=5),True,KNN (k=5) + Flag,CatBoost,0.7626828434723172,0.04370376557239565,0.8419441595441595,0.6214974098243613
MICE (BayesianRidge),False,MICE (BayesianRidge),Logistic Regression,0.7676384142173616,0.04488450823726092,0.8372672364672362,0.6228650577982354
MICE (BayesianRidge),False,MICE (BayesianRidge),Random Forest,0.7598086124401914,0.046284015147480595,0.8395789173789174,0.624696747979094
MICE (BayesianRidge),False,MICE (BayesianRidge),Extra Trees,0.768157894736842,0.043893222733119124,0.846239886039886,0.5796408683516088
MICE (BayesianRidge),False,MICE (BayesianRidge),Gradient Boosting,0.7684142173615858,0.048503977953067205,0.837891168091168,0.6442931723430577
MICE (BayesianRidge),False,MICE (BayesianRidge),LightGBM,0.7668626110731372,0.051670249571986265,0.8360011396011395,0.6455638852711515
MICE (BayesianRidge),False,MICE (BayesianRidge),XGBoost,0.7725734791524266,0.05491250665525673,0.8415282051282051,0.6559835305020136
MICE (BayesianRidge),False,MICE (BayesianRidge),CatBoost,0.7619002050580996,0.04346317778375489,0.841649002849003,0.6234501916172893
MICE (BayesianRidge),True,MICE (BayesianRidge) + Flag,Logistic Regression,0.7694497607655503,0.044231059193260855,0.8384051282051282,0.6277829915141073
MICE (BayesianRidge),True,MICE (BayesianRidge) + Flag,Random Forest,0.7611175666438825,0.045248189073647124,0.8417595441595442,0.626243892360247
MICE (BayesianRidge),True,MICE (BayesianRidge) + Flag,Extra Trees,0.7588038277511961,0.040397793607871935,0.8414079772079771,0.5566836267681324
MICE (BayesianRidge),True,MICE (BayesianRidge) + Flag,Gradient Boosting,0.7678913192071087,0.04974730503141609,0.8388450142450142,0.6442648280663564
MICE (BayesianRidge),True,MICE (BayesianRidge) + Flag,LightGBM,0.7673923444976076,0.04862137185873954,0.8385732193732194,0.6456790845581675
MICE (BayesianRidge),True,MICE (BayesianRidge) + Flag,XGBoost,0.772071086807929,0.05280999621056776,0.8420478632478633,0.6555495570078343
MICE (BayesianRidge),True,MICE (BayesianRidge) + Flag,CatBoost,0.7650307587149692,0.04517990615086251,0.8445481481481483,0.6257134705891728
MissForest (ExtraTrees),False,MissForest (ExtraTrees),Logistic Regression,0.7663362952836639,0.04352644974355686,0.8374649572649571,0.6201480182303774
MissForest (ExtraTrees),False,MissForest (ExtraTrees),Random Forest,0.7593301435406699,0.04644420098734813,0.837305413105413,0.6248892690098836
MissForest (ExtraTrees),False,MissForest (ExtraTrees),Extra Trees,0.7642481203007518,0.03980143572804001,0.8436165242165241,0.5700267296512673
MissForest (ExtraTrees),False,MissForest (ExtraTrees),Gradient Boosting,0.763485987696514,0.04393272202975752,0.8378267806267806,0.6354083193123494
MissForest (ExtraTrees),False,MissForest (ExtraTrees),LightGBM,0.7642481203007521,0.048607431815064724,0.8384131054131054,0.6363855510353095
MissForest (ExtraTrees),False,MissForest (ExtraTrees),XGBoost,0.770533151059467,0.04856145888506599,0.843071794871795,0.6473577045851532
MissForest (ExtraTrees),False,MissForest (ExtraTrees),CatBoost,0.7658065618591935,0.04420421542003651,0.8420341880341882,0.626506142456526
MissForest (ExtraTrees),True,MissForest (ExtraTrees) + Flag,Logistic Regression,0.7681510594668489,0.044049222370835354,0.838703703703704,0.6242053688816724
MissForest (ExtraTrees),True,MissForest (ExtraTrees) + Flag,Random Forest,0.7647812713602188,0.0447800866617918,0.8399709401709401,0.6341097633348994
MissForest (ExtraTrees),True,MissForest (ExtraTrees) + Flag,Extra Trees,0.7595898838004103,0.03872847993744097,0.8416871794871794,0.5559289801186034
MissForest (ExtraTrees),True,MissForest (ExtraTrees) + Flag,Gradient Boosting,0.7653178400546821,0.041263831452288326,0.8388905982905982,0.6359222320594428
MissForest (ExtraTrees),True,MissForest (ExtraTrees) + Flag,LightGBM,0.7686842105263159,0.04656962059668685,0.8397999999999999,0.6430769865442937
MissForest (ExtraTrees),True,MissForest (ExtraTrees) + Flag,XGBoost,0.7705263157894738,0.04615951806594131,0.8433504273504273,0.6481447419697846
MissForest (ExtraTrees),True,MissForest (ExtraTrees) + Flag,CatBoost,0.7647778537252221,0.04371378597168759,0.8434330484330484,0.6259565156173437
Honest RLTR,False,Honest RLTR,Logistic Regression,0.7665926179084075,0.042953543789072096,0.836208547008547,0.6203072422483359
Honest RLTR,False,Honest RLTR,Random Forest,0.7580041011619959,0.049649666505629374,0.8383202279202279,0.6253178533019075
Honest RLTR,False,Honest RLTR,Extra Trees,0.7605980861244019,0.04122750892336219,0.8436621082621083,0.5583207785143749
Honest RLTR,False,Honest RLTR,Gradient Boosting,0.7645112781954889,0.048336026786213036,0.8361008547008548,0.6414274884186342
Honest RLTR,False,Honest RLTR,LightGBM,0.7642652084757348,0.047450834202632575,0.8350752136752138,0.6404016181312564
Honest RLTR,False,Honest RLTR,XGBoost,0.7671052631578948,0.050374041449774115,0.8407299145299144,0.644594359145092
Honest RLTR,False,Honest RLTR,CatBoost,0.7584962406015038,0.043694727939682015,0.8408757834757836,0.6160049288423761
Honest RLTR,True,Honest RLTR + Flag,Logistic Regression,0.7691934381408067,0.04395986656614561,0.8373356125356126,0.6279889608378284
Honest RLTR,True,Honest RLTR + Flag,Random Forest,0.7639952153110048,0.048508115971052666,0.8379925925925927,0.631116623236663
Honest RLTR,True,Honest RLTR + Flag,Extra Trees,0.758274094326726,0.03891353920592293,0.8402871794871792,0.5465802336850312
Honest RLTR,True,Honest RLTR + Flag,Gradient Boosting,0.7660663021189336,0.048665820200578684,0.8367213675213675,0.6426477929636999
Honest RLTR,True,Honest RLTR + Flag,LightGBM,0.7673923444976077,0.04811656608825824,0.8360512820512821,0.6447667887696198
Honest RLTR,True,Honest RLTR + Flag,XGBoost,0.7686773752563225,0.051922528648237744,0.8411521367521368,0.6465799277636813
Honest RLTR,True,Honest RLTR + Flag,CatBoost,0.7632023239917978,0.04615043516808719,0.8414507122507122,0.6234009079900121
