Feature_Added,Mean_Accuracy,Std_Accuracy,Delta_vs_Base,Retained,SE_Delta,CI_95_Low,CI_95_High,CI_95_Formatted,t_stat,p_value,Classification
None (Base 8 Features),0.7733766233766234,0.04270989617041649,0.0,True,,,,,,,
HOMA_IR,0.7668318523581681,0.042249713519296836,-0.006544771018455231,False,0.0044554719706193565,-0.016623748850438443,0.00353420681352798,"[-0.0166, +0.0035]",-1.4689287827668616,0.17591739774836768,Neutral (CI spans 0)
Glucose_x_BMI,0.770745044429255,0.040554829666385274,-0.0026315789473684292,False,0.006399652714009802,-0.017108599173786675,0.011845441279049816,"[-0.0171, +0.0118]",-0.41120652400513796,0.6905401668681521,Neutral (CI spans 0)
Glucose_x_Age,0.770727956254272,0.04339656679925075,-0.0026486671223513334,False,0.007462542947875626,-0.01953011210457741,0.014232777859874743,"[-0.0195, +0.0142]",-0.3549282249832785,0.7308185373599443,Neutral (CI spans 0)
Insulin_x_BMI,0.7720950102529051,0.0393019146085339,-0.0012816131237183837,False,0.00409064640710392,-0.010535298194023258,0.00797207194658649,"[-0.0105, +0.0080]",-0.3133033257268065,0.7611893217276395,Neutral (CI spans 0)
log_Insulin,0.7720779220779221,0.0406875008394828,-0.0012987012987012991,False,0.0023312401762487036,-0.006572332961605254,0.003974930364202656,"[-0.0066, +0.0040]",-0.5570860145309167,0.5910512317837613,Neutral (CI spans 0)
BMI_bin,0.7694463431305537,0.04697705581664153,-0.003930280246069717,False,0.006732972251307189,-0.01916132165128583,0.011300761159146397,"[-0.0192, +0.0113]",-0.5837362905076698,0.573734061042154,Neutral (CI spans 0)
Age_bin,0.7720779220779221,0.03859392220009069,-0.0012987012987012991,False,0.005959732231775271,-0.01478055225517106,0.012183149657768462,"[-0.0148, +0.0122]",-0.21791269275100084,0.8323576851555523,Neutral (CI spans 0)
RiskScore,0.7694634313055365,0.03674795641124015,-0.003913192071086813,False,0.007272795885637549,-0.020365399377351108,0.012539015235177482,"[-0.0204, +0.0125]",-0.538058833579273,0.6035857349154639,Neutral (CI spans 0)
missing_indicators,0.7707963089542036,0.03272374801215327,-0.002580314422419694,False,0.005412421478612369,-0.014824062438345515,0.009663433593506129,"[-0.0148, +0.0097]",-0.4767393730542869,0.6449099790374411,Neutral (CI spans 0)
