Model,Accuracy_Mean,Accuracy_Std,ROC_AUC_Mean,F1_Mean
Logistic (L2),0.7694634313055366,0.021010041439288956,0.8373960113960115,0.627828316266507
Logistic (ElasticNet),0.7720608339029392,0.020442550235607395,0.8372393162393162,0.6316738267709898
SVM (RBF),0.7564593301435407,0.04099294687678044,0.8297407407407407,0.6074749018670614
Random Forest,0.7667976760082024,0.04775636209378291,0.8421965811965813,0.6363265393423484
Extra Trees,0.7590567327409433,0.030246842056784965,0.8464159544159543,0.5709741617658146
Gradient Boosting,0.7654818865345181,0.0543250901634424,0.8408575498575498,0.6402294401524731
HistGradientBoosting,0.7680792891319206,0.059060094901889335,0.8398518518518518,0.649626766287186
LightGBM,0.7667976760082024,0.06032334163649426,0.8406182336182335,0.645441263157741
XGBoost,0.77323991797676,0.06790338480370672,0.8438119658119657,0.664220851982264
CatBoost,0.7733766233766234,0.04270989617041649,0.8448376068376069,0.6461393755167021
MLP Neural Net,0.7382604237867396,0.04259407490729051,0.8052478632478632,0.5153579743515412
