Threshold,Accuracy,Sensitivity,Specificity,F1_Score
0.1,0.5638020833333334,0.9850746268656716,0.338,0.6118192352259559
0.11,0.58203125,0.9850746268656716,0.366,0.6219081272084805
0.12000000000000001,0.5989583333333334,0.9776119402985075,0.396,0.6298076923076923
0.13,0.6041666666666666,0.9701492537313433,0.408,0.6310679611650486
0.14,0.6197916666666666,0.9589552238805971,0.438,0.6377171215880894
0.15000000000000002,0.6302083333333334,0.9514925373134329,0.458,0.6423173803526449
0.16,0.6510416666666666,0.9402985074626866,0.496,0.6528497409326425
0.17,0.6614583333333334,0.9328358208955224,0.516,0.6578947368421053
0.18,0.6705729166666666,0.9291044776119403,0.532,0.6631158455392809
0.19,0.6796875,0.9253731343283582,0.548,0.6684636118598383
0.2,0.6783854166666666,0.9029850746268657,0.558,0.6621067031463749
0.21000000000000002,0.6901041666666666,0.8992537313432836,0.578,0.6694444444444444
0.22,0.6953125,0.8880597014925373,0.592,0.6704225352112676
0.23,0.6953125,0.8768656716417911,0.598,0.6676136363636364
0.24000000000000002,0.7109375,0.8768656716417911,0.622,0.6791907514450867
0.25,0.71484375,0.8731343283582089,0.63,0.6812227074235808
0.26,0.71484375,0.8619402985074627,0.636,0.6784140969162996
0.27,0.72265625,0.8582089552238806,0.65,0.6835066864784547
0.28,0.7317708333333334,0.8470149253731343,0.67,0.6878787878787879
0.29000000000000004,0.7408854166666666,0.8470149253731343,0.684,0.6952526799387443
0.30000000000000004,0.7473958333333334,0.8432835820895522,0.696,0.6996904024767802
0.31,0.7526041666666666,0.835820895522388,0.708,0.7021943573667712
0.32,0.7513020833333334,0.8246268656716418,0.712,0.69826224328594
0.33,0.7526041666666666,0.8134328358208955,0.72,0.6964856230031949
0.33999999999999997,0.7591145833333334,0.8097014925373134,0.732,0.7011308562197092
0.35,0.7604166666666666,0.8059701492537313,0.736,0.7012987012987013
0.36,0.76171875,0.8022388059701493,0.74,0.7014681892332789
0.37,0.7682291666666666,0.7985074626865671,0.752,0.7062706270627063
0.38,0.7682291666666666,0.7835820895522388,0.76,0.7023411371237458
0.39,0.7734375,0.7761194029850746,0.772,0.7050847457627119
0.4,0.7734375,0.7574626865671642,0.782,0.7
0.41000000000000003,0.7721354166666666,0.746268656716418,0.786,0.6956521739130435
0.42000000000000004,0.7643229166666666,0.7089552238805971,0.794,0.6773618538324421
0.43000000000000005,0.7669270833333334,0.6977611940298507,0.804,0.6763110307414105
0.44000000000000006,0.7682291666666666,0.6828358208955224,0.814,0.6727941176470589
0.45000000000000007,0.7747395833333334,0.6791044776119403,0.826,0.6778398510242085
0.45999999999999996,0.7760416666666666,0.6567164179104478,0.84,0.6717557251908397
0.47,0.7760416666666666,0.6380597014925373,0.85,0.6653696498054474
0.48,0.7708333333333334,0.6194029850746269,0.852,0.6535433070866141
0.49,0.7682291666666666,0.6007462686567164,0.858,0.644
0.5,0.7669270833333334,0.5783582089552238,0.868,0.6339468302658486
0.51,0.765625,0.5671641791044776,0.872,0.628099173553719
0.52,0.765625,0.5559701492537313,0.878,0.6234309623430963
0.53,0.7643229166666666,0.5485074626865671,0.88,0.6189473684210526
0.54,0.7591145833333334,0.5335820895522388,0.88,0.6072186836518046
0.55,0.7604166666666666,0.5223880597014925,0.888,0.603448275862069
0.56,0.7643229166666666,0.5186567164179104,0.896,0.6056644880174292
0.5700000000000001,0.76171875,0.5,0.902,0.5942350332594235
0.58,0.7630208333333334,0.4925373134328358,0.908,0.5919282511210763
0.59,0.7630208333333334,0.47761194029850745,0.916,0.5844748858447488
0.6,0.7630208333333334,0.4701492537313433,0.92,0.5806451612903226
0.61,0.765625,0.4626865671641791,0.928,0.5794392523364486
0.62,0.7643229166666666,0.45149253731343286,0.932,0.5721040189125296
0.63,0.7643229166666666,0.44029850746268656,0.938,0.565947242206235
0.64,0.7643229166666666,0.43283582089552236,0.942,0.5617433414043583
0.65,0.7630208333333334,0.417910447761194,0.948,0.5517241379310345
0.66,0.75390625,0.3917910447761194,0.948,0.5263157894736842
0.67,0.7552083333333334,0.3880597014925373,0.952,0.5252525252525253
0.6799999999999999,0.7473958333333334,0.3619402985074627,0.954,0.5
0.69,0.74609375,0.3582089552238806,0.954,0.49612403100775193
0.7,0.7421875,0.34328358208955223,0.956,0.4816753926701571
0.71,0.7369791666666666,0.31716417910447764,0.962,0.45698924731182794
0.72,0.7369791666666666,0.31343283582089554,0.964,0.4540540540540541
0.73,0.73046875,0.2873134328358209,0.968,0.4265927977839335
0.74,0.7265625,0.27238805970149255,0.97,0.4101123595505618
0.75,0.7239583333333334,0.26119402985074625,0.972,0.3977272727272727
0.76,0.72265625,0.25,0.976,0.3861671469740634
0.77,0.7174479166666666,0.23134328358208955,0.978,0.36363636363636365
0.78,0.7096354166666666,0.20522388059701493,0.98,0.3303303303303303
0.79,0.6979166666666666,0.17164179104477612,0.98,0.2839506172839506
0.8,0.6927083333333334,0.14925373134328357,0.984,0.25316455696202533
0.8099999999999999,0.69140625,0.1455223880597015,0.984,0.24761904761904763
0.82,0.6901041666666666,0.13805970149253732,0.986,0.23717948717948717
0.83,0.6809895833333334,0.11194029850746269,0.986,0.19672131147540983
0.84,0.6744791666666666,0.08208955223880597,0.992,0.14965986394557823
0.85,0.671875,0.07462686567164178,0.992,0.136986301369863
0.86,0.6653645833333334,0.05223880597014925,0.994,0.09824561403508772
0.87,0.6588541666666666,0.033582089552238806,0.994,0.06428571428571428
0.88,0.65234375,0.014925373134328358,0.994,0.02909090909090909
0.89,0.6497395833333334,0.0037313432835820895,0.996,0.007380073800738007
0.9,0.6497395833333334,0.0,0.998,0.0
